SQL> SET LINES 200 PAGES 200;
SQL> SELECT ENAME
  2  FROM EMP
  3  WHERE ENAME LIKE 'P%';

no rows selected

SQL> SELECT ENAME
  2  FROM EMP
  3  WHERE DEPTNO IN (10,20) AND JOB IN ('ANALYST','CLERK');

ENAME                                                                                                                                                                                                   
----------                                                                                                                                                                                              
SMITH                                                                                                                                                                                                   
SCOTT                                                                                                                                                                                                   
ADAMS                                                                                                                                                                                                   
FORD                                                                                                                                                                                                    
MILLER                                                                                                                                                                                                  

SQL> SELECT DNAME
  2  FROM DEPT
  3  WHERE DNAME LIKE '%E%E%' AND LOC LIKE '% %';

no rows selected

SQL> SELECT DNAME
  2  FROM DEPT
  3  WHERE LOC LIKE '% %';

DNAME                                                                                                                                                                                                   
--------------                                                                                                                                                                                          
ACCOUNTING                                                                                                                                                                                              

SQL> SELECT ENAME
  2  FROM EMP
  3  WHERE JOB LIKE '%A%A%' AND SAL BETWEEN 1200 AND 2800 AND DEPTNO IN (10,20,30);

ENAME                                                                                                                                                                                                   
----------                                                                                                                                                                                              
ALLEN                                                                                                                                                                                                   
WARD                                                                                                                                                                                                    
MARTIN                                                                                                                                                                                                  
CLARK                                                                                                                                                                                                   
TURNER                                                                                                                                                                                                  

SQL> SELECT ENAME
  2  FROM EMP
  3  WHERE MGR NOT LIKE '___8' AND JOB NOT IN ('MANAGER','SALESMAN');

ENAME                                                                                                                                                                                                   
----------                                                                                                                                                                                              
SMITH                                                                                                                                                                                                   
SCOTT                                                                                                                                                                                                   
FORD                                                                                                                                                                                                    
MILLER                                                                                                                                                                                                  

SQL> SELECT ENAME
  2  FROM EMP
  3  WHERE COMM IS NULL AND COMM !=0 AND JOB NOT IN ('CLERK','MANAGER') AND HIREDATE LIKE '__-___-81' AND SAL >1500;

no rows selected

SQL> SELECT ENAME
  2  FROM EMP
  3  WHERE ENAME LIKE '_____%'AND HIREDATE BETWEEN '1-JAN-80' AND '31-DEC-81' AND MGR IS NOT NULL AND SAL BETWEEN 800 AND 2000 AND DEPTNO IN (30,40);

ENAME                                                                                                                                                                                                   
----------                                                                                                                                                                                              
ALLEN                                                                                                                                                                                                   
MARTIN                                                                                                                                                                                                  
TURNER                                                                                                                                                                                                  
JAMES                                                                                                                                                                                                   

SQL> SELECT *
  2  FROM EMP
  3  WHERE ENAME LIKE '_____' AND ENAME LIKE '__A__' OR ENAME LIKE '__E__'  OR ENAME LIKE '__I__' OR ENAME LIKE '__O__' OR ENAME LIKE '__U__';

     EMPNO ENAME      JOB              MGR HIREDATE         SAL       COMM     DEPTNO                                                                                                                   
---------- ---------- --------- ---------- --------- ---------- ---------- ----------                                                                                                                   
      7369 SMITH      CLERK           7902 17-DEC-80        800                    20                                                                                                                   
      7698 BLAKE      MANAGER         7839 01-MAY-81       2850                    30                                                                                                                   
      7782 CLARK      MANAGER         7839 09-JUN-81       2450                    10                                                                                                                   
      7788 SCOTT      ANALYST         7566 19-APR-87       3000                    20                                                                                                                   
      7876 ADAMS      CLERK           7788 23-MAY-87       1100                    20                                                                                                                   

SQL> SELECT ENAME
  2  FROM EMP
  3  WHERE ENAME LIKE 'S%' AND ENAME NOT LIKE '%A' OR ENAME NOT LIKE '%I' OR ENAME NOT LIKE '%E' OR ENAME NOT LIKE '%U' OR ENAME NOT LIKE '%O';

ENAME                                                                                                                                                                                                   
----------                                                                                                                                                                                              
SMITH                                                                                                                                                                                                   
ALLEN                                                                                                                                                                                                   
WARD                                                                                                                                                                                                    
JONES                                                                                                                                                                                                   
MARTIN                                                                                                                                                                                                  
BLAKE                                                                                                                                                                                                   
CLARK                                                                                                                                                                                                   
SCOTT                                                                                                                                                                                                   
KING                                                                                                                                                                                                    
TURNER                                                                                                                                                                                                  
ADAMS                                                                                                                                                                                                   
JAMES                                                                                                                                                                                                   
FORD                                                                                                                                                                                                    
MILLER                                                                                                                                                                                                  

14 rows selected.

SQL> SELECT *
  2  FROM EMP
  3  WHERE MGR IN (SELECT MGR
  4  FROM EMP
  5  GROUP BY MGR
  6  HAVING COUNT(MGR)=1);

     EMPNO ENAME      JOB              MGR HIREDATE         SAL       COMM     DEPTNO                                                                                                                   
---------- ---------- --------- ---------- --------- ---------- ---------- ----------                                                                                                                   
      7934 MILLER     CLERK           7782 23-JAN-82       1300                    10                                                                                                                   
      7369 SMITH      CLERK           7902 17-DEC-80        800                    20                                                                                                                   
      7876 ADAMS      CLERK           7788 23-MAY-87       1100                    20                                                                                                                   

SQL> SELECT *
  2  FROM EMP
  3  WHERE MGR LIKE '___8';

     EMPNO ENAME      JOB              MGR HIREDATE         SAL       COMM     DEPTNO                                                                                                                   
---------- ---------- --------- ---------- --------- ---------- ---------- ----------                                                                                                                   
      7499 ALLEN      SALESMAN        7698 20-FEB-81       1600        300         30                                                                                                                   
      7521 WARD       SALESMAN        7698 22-FEB-81       1250        500         30                                                                                                                   
      7654 MARTIN     SALESMAN        7698 28-SEP-81       1250       1400         30                                                                                                                   
      7844 TURNER     SALESMAN        7698 08-SEP-81       1500          0         30                                                                                                                   
      7876 ADAMS      CLERK           7788 23-MAY-87       1100                    20                                                                                                                   
      7900 JAMES      CLERK           7698 03-DEC-81        950                    30                                                                                                                   

6 rows selected.

SQL> SELECT *
  2  FROM EMP
  3  WHERE JOB IN 'SALESMAN' AND SAL BETWEEN 1500 AND 3000;

     EMPNO ENAME      JOB              MGR HIREDATE         SAL       COMM     DEPTNO                                                                                                                   
---------- ---------- --------- ---------- --------- ---------- ---------- ----------                                                                                                                   
      7499 ALLEN      SALESMAN        7698 20-FEB-81       1600        300         30                                                                                                                   
      7844 TURNER     SALESMAN        7698 08-SEP-81       1500          0         30                                                                                                                   

SQL> SELECT *
  2  FROM EMP
  3  WHERE JOB IN ('MANAGER','SALESMAN') AND DEPTNO IN (20,30) AND SAL BETWEEN 1000 AND 3000;

     EMPNO ENAME      JOB              MGR HIREDATE         SAL       COMM     DEPTNO                                                                                                                   
---------- ---------- --------- ---------- --------- ---------- ---------- ----------                                                                                                                   
      7499 ALLEN      SALESMAN        7698 20-FEB-81       1600        300         30                                                                                                                   
      7521 WARD       SALESMAN        7698 22-FEB-81       1250        500         30                                                                                                                   
      7566 JONES      MANAGER         7839 02-APR-81       2975                    20                                                                                                                   
      7654 MARTIN     SALESMAN        7698 28-SEP-81       1250       1400         30                                                                                                                   
      7698 BLAKE      MANAGER         7839 01-MAY-81       2850                    30                                                                                                                   
      7844 TURNER     SALESMAN        7698 08-SEP-81       1500          0         30                                                                                                                   

6 rows selected.

SQL> SELECT *
  2  FROM EMP
  3  WHERE SAL BETWEEN 1000 AND 2000 AND DEPTNO IN (20,10,30) AND JOB NOT IN 'CLERK';

     EMPNO ENAME      JOB              MGR HIREDATE         SAL       COMM     DEPTNO                                                                                                                   
---------- ---------- --------- ---------- --------- ---------- ---------- ----------                                                                                                                   
      7499 ALLEN      SALESMAN        7698 20-FEB-81       1600        300         30                                                                                                                   
      7521 WARD       SALESMAN        7698 22-FEB-81       1250        500         30                                                                                                                   
      7654 MARTIN     SALESMAN        7698 28-SEP-81       1250       1400         30                                                                                                                   
      7844 TURNER     SALESMAN        7698 08-SEP-81       1500          0         30                                                                                                                   

SQL> SELECT *
  2  FROM EMP
  3  WHERE ENAME LIKE 'A%' AND SAL >1000;

     EMPNO ENAME      JOB              MGR HIREDATE         SAL       COMM     DEPTNO                                                                                                                   
---------- ---------- --------- ---------- --------- ---------- ---------- ----------                                                                                                                   
      7499 ALLEN      SALESMAN        7698 20-FEB-81       1600        300         30                                                                                                                   
      7876 ADAMS      CLERK           7788 23-MAY-87       1100                    20                                                                                                                   

SQL> SELECT *
  2  FROM EMP
  3  WHERE ENAME LIKE '%MM%';

no rows selected

SQL> SELECT *
  2  FROM EMP
  3  WHERE JOB NOT IN 'CLERK' AND DEPTNO IN (10,20);

     EMPNO ENAME      JOB              MGR HIREDATE         SAL       COMM     DEPTNO                                                                                                                   
---------- ---------- --------- ---------- --------- ---------- ---------- ----------                                                                                                                   
      7566 JONES      MANAGER         7839 02-APR-81       2975                    20                                                                                                                   
      7782 CLARK      MANAGER         7839 09-JUN-81       2450                    10                                                                                                                   
      7788 SCOTT      ANALYST         7566 19-APR-87       3000                    20                                                                                                                   
      7839 KING       PRESIDENT            17-NOV-81       5000                    10                                                                                                                   
      7902 FORD       ANALYST         7566 03-DEC-81       3000                    20                                                                                                                   

SQL> SELECT *
  2  FROM EMP
  3  WHERE ENAME LIKE '%P%P%' AND ENAME NOT LIKE '%P%P%P%' AND SAL BETWEEN 1000 AND 3000;

no rows selected

SQL> SELECT *
  2  FROM EMP
  3  WHERE COMM IS NULL AND COMM =0 AND DEPTNO IN (10,20);

no rows selected

SQL> SELECT *
  2  FROM EMP
  3  WHERE MGR IS NULL AND DEPTNO IN (20,30);

no rows selected

SQL> SELECT *
  2  FROM EMP
  3  WHERE ENAME NOT LIKE 'A%';

     EMPNO ENAME      JOB              MGR HIREDATE         SAL       COMM     DEPTNO                                                                                                                   
---------- ---------- --------- ---------- --------- ---------- ---------- ----------                                                                                                                   
      7369 SMITH      CLERK           7902 17-DEC-80        800                    20                                                                                                                   
      7521 WARD       SALESMAN        7698 22-FEB-81       1250        500         30                                                                                                                   
      7566 JONES      MANAGER         7839 02-APR-81       2975                    20                                                                                                                   
      7654 MARTIN     SALESMAN        7698 28-SEP-81       1250       1400         30                                                                                                                   
      7698 BLAKE      MANAGER         7839 01-MAY-81       2850                    30                                                                                                                   
      7782 CLARK      MANAGER         7839 09-JUN-81       2450                    10                                                                                                                   
      7788 SCOTT      ANALYST         7566 19-APR-87       3000                    20                                                                                                                   
      7839 KING       PRESIDENT            17-NOV-81       5000                    10                                                                                                                   
      7844 TURNER     SALESMAN        7698 08-SEP-81       1500          0         30                                                                                                                   
      7900 JAMES      CLERK           7698 03-DEC-81        950                    30                                                                                                                   
      7902 FORD       ANALYST         7566 03-DEC-81       3000                    20                                                                                                                   
      7934 MILLER     CLERK           7782 23-JAN-82       1300                    10                                                                                                                   

12 rows selected.

SQL> SELECT * FROM EMP
  2  WHERE HIREDATE LIKE '__-___-87';

     EMPNO ENAME      JOB              MGR HIREDATE         SAL       COMM     DEPTNO                                                                                                                   
---------- ---------- --------- ---------- --------- ---------- ---------- ----------                                                                                                                   
      7788 SCOTT      ANALYST         7566 19-APR-87       3000                    20                                                                                                                   
      7876 ADAMS      CLERK           7788 23-MAY-87       1100                    20                                                                                                                   

SQL> SELECT *
  2  FROM EMP
  3  WHERE ENAME LIKE '%T%T%';

     EMPNO ENAME      JOB              MGR HIREDATE         SAL       COMM     DEPTNO                                                                                                                   
---------- ---------- --------- ---------- --------- ---------- ---------- ----------                                                                                                                   
      7788 SCOTT      ANALYST         7566 19-APR-87       3000                    20                                                                                                                   

SQL> SELECT *
  2  FROM EMP
  3  WHERE EMPNO NOT IN 7654;

     EMPNO ENAME      JOB              MGR HIREDATE         SAL       COMM     DEPTNO                                                                                                                   
---------- ---------- --------- ---------- --------- ---------- ---------- ----------                                                                                                                   
      7369 SMITH      CLERK           7902 17-DEC-80        800                    20                                                                                                                   
      7499 ALLEN      SALESMAN        7698 20-FEB-81       1600        300         30                                                                                                                   
      7521 WARD       SALESMAN        7698 22-FEB-81       1250        500         30                                                                                                                   
      7566 JONES      MANAGER         7839 02-APR-81       2975                    20                                                                                                                   
      7698 BLAKE      MANAGER         7839 01-MAY-81       2850                    30                                                                                                                   
      7782 CLARK      MANAGER         7839 09-JUN-81       2450                    10                                                                                                                   
      7788 SCOTT      ANALYST         7566 19-APR-87       3000                    20                                                                                                                   
      7839 KING       PRESIDENT            17-NOV-81       5000                    10                                                                                                                   
      7844 TURNER     SALESMAN        7698 08-SEP-81       1500          0         30                                                                                                                   
      7876 ADAMS      CLERK           7788 23-MAY-87       1100                    20                                                                                                                   
      7900 JAMES      CLERK           7698 03-DEC-81        950                    30                                                                                                                   
      7902 FORD       ANALYST         7566 03-DEC-81       3000                    20                                                                                                                   
      7934 MILLER     CLERK           7782 23-JAN-82       1300                    10                                                                                                                   

13 rows selected.

SQL> SELECT *
  2  FROM EMP
  3  WHERE JOB IN 'SALESMAN' AND DEPTNO IN 30;

     EMPNO ENAME      JOB              MGR HIREDATE         SAL       COMM     DEPTNO                                                                                                                   
---------- ---------- --------- ---------- --------- ---------- ---------- ----------                                                                                                                   
      7499 ALLEN      SALESMAN        7698 20-FEB-81       1600        300         30                                                                                                                   
      7521 WARD       SALESMAN        7698 22-FEB-81       1250        500         30                                                                                                                   
      7654 MARTIN     SALESMAN        7698 28-SEP-81       1250       1400         30                                                                                                                   
      7844 TURNER     SALESMAN        7698 08-SEP-81       1500          0         30                                                                                                                   

SQL> SELECT *
  2  FROM EMP
  3  WHERE SAL BETWEEN 2000 AND 3000;

     EMPNO ENAME      JOB              MGR HIREDATE         SAL       COMM     DEPTNO                                                                                                                   
---------- ---------- --------- ---------- --------- ---------- ---------- ----------                                                                                                                   
      7566 JONES      MANAGER         7839 02-APR-81       2975                    20                                                                                                                   
      7698 BLAKE      MANAGER         7839 01-MAY-81       2850                    30                                                                                                                   
      7782 CLARK      MANAGER         7839 09-JUN-81       2450                    10                                                                                                                   
      7788 SCOTT      ANALYST         7566 19-APR-87       3000                    20                                                                                                                   
      7902 FORD       ANALYST         7566 03-DEC-81       3000                    20                                                                                                                   

SQL> SELECT *
  2  FROM EMP
  3  WHERE ENAME LIKE '%R%';

     EMPNO ENAME      JOB              MGR HIREDATE         SAL       COMM     DEPTNO                                                                                                                   
---------- ---------- --------- ---------- --------- ---------- ---------- ----------                                                                                                                   
      7521 WARD       SALESMAN        7698 22-FEB-81       1250        500         30                                                                                                                   
      7654 MARTIN     SALESMAN        7698 28-SEP-81       1250       1400         30                                                                                                                   
      7782 CLARK      MANAGER         7839 09-JUN-81       2450                    10                                                                                                                   
      7844 TURNER     SALESMAN        7698 08-SEP-81       1500          0         30                                                                                                                   
      7902 FORD       ANALYST         7566 03-DEC-81       3000                    20                                                                                                                   
      7934 MILLER     CLERK           7782 23-JAN-82       1300                    10                                                                                                                   

6 rows selected.

SQL> SELECT *
  2  FROM EMP
  3  WHERE SAL BETWEEN 800 AND 2500;

     EMPNO ENAME      JOB              MGR HIREDATE         SAL       COMM     DEPTNO                                                                                                                   
---------- ---------- --------- ---------- --------- ---------- ---------- ----------                                                                                                                   
      7369 SMITH      CLERK           7902 17-DEC-80        800                    20                                                                                                                   
      7499 ALLEN      SALESMAN        7698 20-FEB-81       1600        300         30                                                                                                                   
      7521 WARD       SALESMAN        7698 22-FEB-81       1250        500         30                                                                                                                   
      7654 MARTIN     SALESMAN        7698 28-SEP-81       1250       1400         30                                                                                                                   
      7782 CLARK      MANAGER         7839 09-JUN-81       2450                    10                                                                                                                   
      7844 TURNER     SALESMAN        7698 08-SEP-81       1500          0         30                                                                                                                   
      7876 ADAMS      CLERK           7788 23-MAY-87       1100                    20                                                                                                                   
      7900 JAMES      CLERK           7698 03-DEC-81        950                    30                                                                                                                   
      7934 MILLER     CLERK           7782 23-JAN-82       1300                    10                                                                                                                   

9 rows selected.

SQL> SELECT *
  2  FROM EMP
  3  WHERE DEPTNO NOT IN 30;

     EMPNO ENAME      JOB              MGR HIREDATE         SAL       COMM     DEPTNO                                                                                                                   
---------- ---------- --------- ---------- --------- ---------- ---------- ----------                                                                                                                   
      7369 SMITH      CLERK           7902 17-DEC-80        800                    20                                                                                                                   
      7566 JONES      MANAGER         7839 02-APR-81       2975                    20                                                                                                                   
      7782 CLARK      MANAGER         7839 09-JUN-81       2450                    10                                                                                                                   
      7788 SCOTT      ANALYST         7566 19-APR-87       3000                    20                                                                                                                   
      7839 KING       PRESIDENT            17-NOV-81       5000                    10                                                                                                                   
      7876 ADAMS      CLERK           7788 23-MAY-87       1100                    20                                                                                                                   
      7902 FORD       ANALYST         7566 03-DEC-81       3000                    20                                                                                                                   
      7934 MILLER     CLERK           7782 23-JAN-82       1300                    10                                                                                                                   

8 rows selected.

SQL> SELECT *
  2  FROM EMP
  3  WHERE JOB IN 'ANALYST' AND SAL >=2000;

     EMPNO ENAME      JOB              MGR HIREDATE         SAL       COMM     DEPTNO                                                                                                                   
---------- ---------- --------- ---------- --------- ---------- ---------- ----------                                                                                                                   
      7788 SCOTT      ANALYST         7566 19-APR-87       3000                    20                                                                                                                   
      7902 FORD       ANALYST         7566 03-DEC-81       3000                    20                                                                                                                   

SQL> SELECT *
  2  FROM EMP
  3  WHERE ENAME LIKE 'A%T';

no rows selected

SQL> SELECT ENAME , SAL*12 AS ANNUALSAL
  2  FROM EMP
  3  WHERE JOB IN 'MANAGER';

ENAME       ANNUALSAL                                                                                                                                                                                   
---------- ----------                                                                                                                                                                                   
JONES           35700                                                                                                                                                                                   
BLAKE           34200                                                                                                                                                                                   
CLARK           29400                                                                                                                                                                                   

SQL> SELECT *
  2  FROM EMP
  3  ;

     EMPNO ENAME      JOB              MGR HIREDATE         SAL       COMM     DEPTNO                                                                                                                   
---------- ---------- --------- ---------- --------- ---------- ---------- ----------                                                                                                                   
      7369 SMITH      CLERK           7902 17-DEC-80        800                    20                                                                                                                   
      7499 ALLEN      SALESMAN        7698 20-FEB-81       1600        300         30                                                                                                                   
      7521 WARD       SALESMAN        7698 22-FEB-81       1250        500         30                                                                                                                   
      7566 JONES      MANAGER         7839 02-APR-81       2975                    20                                                                                                                   
      7654 MARTIN     SALESMAN        7698 28-SEP-81       1250       1400         30                                                                                                                   
      7698 BLAKE      MANAGER         7839 01-MAY-81       2850                    30                                                                                                                   
      7782 CLARK      MANAGER         7839 09-JUN-81       2450                    10                                                                                                                   
      7788 SCOTT      ANALYST         7566 19-APR-87       3000                    20                                                                                                                   
      7839 KING       PRESIDENT            17-NOV-81       5000                    10                                                                                                                   
      7844 TURNER     SALESMAN        7698 08-SEP-81       1500          0         30                                                                                                                   
      7876 ADAMS      CLERK           7788 23-MAY-87       1100                    20                                                                                                                   
      7900 JAMES      CLERK           7698 03-DEC-81        950                    30                                                                                                                   
      7902 FORD       ANALYST         7566 03-DEC-81       3000                    20                                                                                                                   
      7934 MILLER     CLERK           7782 23-JAN-82       1300                    10                                                                                                                   

14 rows selected.

SQL> SELECT ENAME , SAL+COMM AS BONUS
  2  FROM EMP
  3  WHERE JOB IN 'SALESMAN'
  4  ;

ENAME           BONUS                                                                                                                                                                                   
---------- ----------                                                                                                                                                                                   
ALLEN            1900                                                                                                                                                                                   
WARD             1750                                                                                                                                                                                   
MARTIN           2650                                                                                                                                                                                   
TURNER           1500                                                                                                                                                                                   

SQL> SELECT ENAME
  2  FROM EMP
  3  WHERE ENAME LIKE '%_E';

ENAME                                                                                                                                                                                                   
----------                                                                                                                                                                                              
BLAKE                                                                                                                                                                                                   

SQL> SELECT ENAME
  2  FROM EMP
  3  WHERE ENAME LIKE '%E_';

ENAME                                                                                                                                                                                                   
----------                                                                                                                                                                                              
ALLEN                                                                                                                                                                                                   
JONES                                                                                                                                                                                                   
TURNER                                                                                                                                                                                                  
JAMES                                                                                                                                                                                                   
MILLER                                                                                                                                                                                                  

SQL> SELECT *
  2  FROM EMP
  3  WHERE COMM IS NULL AND COMM =0 AND SAL >1000;

no rows selected

SQL> SELECT *
  2  FROM DEPT
  3  WHERE LOC LIKE '%LL%';

    DEPTNO DNAME          LOC                                                                                                                                                                           
---------- -------------- -------------                                                                                                                                                                 
        20 RESEARCH       DALLAS                                                                                                                                                                        

SQL> SELECT ENAME
  2  FROM EMP
  3  WHERE DEPTNO IN 20 AND ENAME NOT LIKE 'M%';

ENAME                                                                                                                                                                                                   
----------                                                                                                                                                                                              
SMITH                                                                                                                                                                                                   
JONES                                                                                                                                                                                                   
SCOTT                                                                                                                                                                                                   
ADAMS                                                                                                                                                                                                   
FORD                                                                                                                                                                                                    

SQL> SELECT *
  2  FROM EMP
  3  WHERE EMPNO BETWEEN 7000 AND 8000;

     EMPNO ENAME      JOB              MGR HIREDATE         SAL       COMM     DEPTNO                                                                                                                   
---------- ---------- --------- ---------- --------- ---------- ---------- ----------                                                                                                                   
      7369 SMITH      CLERK           7902 17-DEC-80        800                    20                                                                                                                   
      7499 ALLEN      SALESMAN        7698 20-FEB-81       1600        300         30                                                                                                                   
      7521 WARD       SALESMAN        7698 22-FEB-81       1250        500         30                                                                                                                   
      7566 JONES      MANAGER         7839 02-APR-81       2975                    20                                                                                                                   
      7654 MARTIN     SALESMAN        7698 28-SEP-81       1250       1400         30                                                                                                                   
      7698 BLAKE      MANAGER         7839 01-MAY-81       2850                    30                                                                                                                   
      7782 CLARK      MANAGER         7839 09-JUN-81       2450                    10                                                                                                                   
      7788 SCOTT      ANALYST         7566 19-APR-87       3000                    20                                                                                                                   
      7839 KING       PRESIDENT            17-NOV-81       5000                    10                                                                                                                   
      7844 TURNER     SALESMAN        7698 08-SEP-81       1500          0         30                                                                                                                   
      7876 ADAMS      CLERK           7788 23-MAY-87       1100                    20                                                                                                                   
      7900 JAMES      CLERK           7698 03-DEC-81        950                    30                                                                                                                   
      7902 FORD       ANALYST         7566 03-DEC-81       3000                    20                                                                                                                   
      7934 MILLER     CLERK           7782 23-JAN-82       1300                    10                                                                                                                   

14 rows selected.

SQL> SELECT *
  2  FROM EMP
  3  WHERE SAL NOT BETWEEN 1500 AND 3000;

     EMPNO ENAME      JOB              MGR HIREDATE         SAL       COMM     DEPTNO                                                                                                                   
---------- ---------- --------- ---------- --------- ---------- ---------- ----------                                                                                                                   
      7369 SMITH      CLERK           7902 17-DEC-80        800                    20                                                                                                                   
      7521 WARD       SALESMAN        7698 22-FEB-81       1250        500         30                                                                                                                   
      7654 MARTIN     SALESMAN        7698 28-SEP-81       1250       1400         30                                                                                                                   
      7839 KING       PRESIDENT            17-NOV-81       5000                    10                                                                                                                   
      7876 ADAMS      CLERK           7788 23-MAY-87       1100                    20                                                                                                                   
      7900 JAMES      CLERK           7698 03-DEC-81        950                    30                                                                                                                   
      7934 MILLER     CLERK           7782 23-JAN-82       1300                    10                                                                                                                   

7 rows selected.

SQL> SELECT *
  2  FROM EMP
  3  WHERE SAL >1000 AND HIREDATE LIKE '__-DEC-__' AND MGR IS NOT NULL;

     EMPNO ENAME      JOB              MGR HIREDATE         SAL       COMM     DEPTNO                                                                                                                   
---------- ---------- --------- ---------- --------- ---------- ---------- ----------                                                                                                                   
      7902 FORD       ANALYST         7566 03-DEC-81       3000                    20                                                                                                                   

SQL> SELECT *
  2  FROM EMP
  3  WHERE JOB LIKE '____%' AND DEPTNO IN 20;

     EMPNO ENAME      JOB              MGR HIREDATE         SAL       COMM     DEPTNO                                                                                                                   
---------- ---------- --------- ---------- --------- ---------- ---------- ----------                                                                                                                   
      7369 SMITH      CLERK           7902 17-DEC-80        800                    20                                                                                                                   
      7566 JONES      MANAGER         7839 02-APR-81       2975                    20                                                                                                                   
      7788 SCOTT      ANALYST         7566 19-APR-87       3000                    20                                                                                                                   
      7876 ADAMS      CLERK           7788 23-MAY-87       1100                    20                                                                                                                   
      7902 FORD       ANALYST         7566 03-DEC-81       3000                    20                                                                                                                   

SQL> SELECT *
  2  FROM EMP
  3  WHERE JOB IN 'CLERK' AND ENAME LIKE '%S' AND DEPTNO NOT IN 10;

     EMPNO ENAME      JOB              MGR HIREDATE         SAL       COMM     DEPTNO                                                                                                                   
---------- ---------- --------- ---------- --------- ---------- ---------- ----------                                                                                                                   
      7876 ADAMS      CLERK           7788 23-MAY-87       1100                    20                                                                                                                   
      7900 JAMES      CLERK           7698 03-DEC-81        950                    30                                                                                                                   

SQL> SELECT ENAME
  2  FROM EMP
  3  WHERE ENAME LIKE '_____';

ENAME                                                                                                                                                                                                   
----------                                                                                                                                                                                              
SMITH                                                                                                                                                                                                   
ALLEN                                                                                                                                                                                                   
JONES                                                                                                                                                                                                   
BLAKE                                                                                                                                                                                                   
CLARK                                                                                                                                                                                                   
SCOTT                                                                                                                                                                                                   
ADAMS                                                                                                                                                                                                   
JAMES                                                                                                                                                                                                   

8 rows selected.

SQL> SELECT ENAME , SAL
  2  FROM EMP
  3  WHERE SAL > (SELECT SAL
  4               FROM EMP
  5  WHERE COMM = (SELECT MAX(COMM) FROM EMP );
WHERE SAL > (SELECT SAL
             *
ERROR at line 3:
ORA-00921: unexpected end of SQL command 


SQL> ED
Wrote file afiedt.buf

  1  SELECT ENAME , SAL
  2  FROM EMP
  3  WHERE SAL >(SELECT SAL
  4               FROM EMP
  5               WHERE COMM = (SELECT MAX(COMM) 
  6*                            FROM EMP ))
SQL> /

ENAME             SAL                                                                                                                                                                                   
---------- ----------                                                                                                                                                                                   
ALLEN            1600                                                                                                                                                                                   
JONES            2975                                                                                                                                                                                   
BLAKE            2850                                                                                                                                                                                   
CLARK            2450                                                                                                                                                                                   
SCOTT            3000                                                                                                                                                                                   
KING             5000                                                                                                                                                                                   
TURNER           1500                                                                                                                                                                                   
FORD             3000                                                                                                                                                                                   
MILLER           1300                                                                                                                                                                                   

9 rows selected.

SQL> SELECT CONCAT(ENAME,CONCAT(SAL,DEPTNO)) FROM EMP;

CONCAT(ENAME,CONCAT(SAL,DEPTNO))                                                                                                                                                                        
------------------------------------------------------------------------------------------                                                                                                              
SMITH80020                                                                                                                                                                                              
ALLEN160030                                                                                                                                                                                             
WARD125030                                                                                                                                                                                              
JONES297520                                                                                                                                                                                             
MARTIN125030                                                                                                                                                                                            
BLAKE285030                                                                                                                                                                                             
CLARK245010                                                                                                                                                                                             
SCOTT300020                                                                                                                                                                                             
KING500010                                                                                                                                                                                              
TURNER150030                                                                                                                                                                                            
ADAMS110020                                                                                                                                                                                             
JAMES95030                                                                                                                                                                                              
FORD300020                                                                                                                                                                                              
MILLER130010                                                                                                                                                                                            

14 rows selected.

SQL> SELECT *
  2  FROM EMP
  3  WHERE ENAME LIKE '_A%R_';

     EMPNO ENAME      JOB              MGR HIREDATE         SAL       COMM     DEPTNO                                                                                                                   
---------- ---------- --------- ---------- --------- ---------- ---------- ----------                                                                                                                   
      7521 WARD       SALESMAN        7698 22-FEB-81       1250        500         30                                                                                                                   

SQL> SELECT *
  2  FROM EMP
  3  WHERE SAL BETWEEN 300 AND 3000 ;

     EMPNO ENAME      JOB              MGR HIREDATE         SAL       COMM     DEPTNO                                                                                                                   
---------- ---------- --------- ---------- --------- ---------- ---------- ----------                                                                                                                   
      7369 SMITH      CLERK           7902 17-DEC-80        800                    20                                                                                                                   
      7499 ALLEN      SALESMAN        7698 20-FEB-81       1600        300         30                                                                                                                   
      7521 WARD       SALESMAN        7698 22-FEB-81       1250        500         30                                                                                                                   
      7566 JONES      MANAGER         7839 02-APR-81       2975                    20                                                                                                                   
      7654 MARTIN     SALESMAN        7698 28-SEP-81       1250       1400         30                                                                                                                   
      7698 BLAKE      MANAGER         7839 01-MAY-81       2850                    30                                                                                                                   
      7782 CLARK      MANAGER         7839 09-JUN-81       2450                    10                                                                                                                   
      7788 SCOTT      ANALYST         7566 19-APR-87       3000                    20                                                                                                                   
      7844 TURNER     SALESMAN        7698 08-SEP-81       1500          0         30                                                                                                                   
      7876 ADAMS      CLERK           7788 23-MAY-87       1100                    20                                                                                                                   
      7900 JAMES      CLERK           7698 03-DEC-81        950                    30                                                                                                                   
      7902 FORD       ANALYST         7566 03-DEC-81       3000                    20                                                                                                                   
      7934 MILLER     CLERK           7782 23-JAN-82       1300                    10                                                                                                                   

13 rows selected.

SQL> SELECT *
  2  FROM EMP
  3  WHERE JOB IN 'ANALYST';

     EMPNO ENAME      JOB              MGR HIREDATE         SAL       COMM     DEPTNO                                                                                                                   
---------- ---------- --------- ---------- --------- ---------- ---------- ----------                                                                                                                   
      7788 SCOTT      ANALYST         7566 19-APR-87       3000                    20                                                                                                                   
      7902 FORD       ANALYST         7566 03-DEC-81       3000                    20                                                                                                                   

SQL> SELECT * FROM EMP
  2  WHERE COMM IS NOT NULL AND COMM =0;

     EMPNO ENAME      JOB              MGR HIREDATE         SAL       COMM     DEPTNO                                                                                                                   
---------- ---------- --------- ---------- --------- ---------- ---------- ----------                                                                                                                   
      7844 TURNER     SALESMAN        7698 08-SEP-81       1500          0         30                                                                                                                   

SQL> SELECT * FROM EMP
  2  WHERE COMM IS NULL AND COMM =0;

no rows selected

SQL> SELECT * FROM EMP
  2  WHERE COMM IS NULL OR COMM =0;

     EMPNO ENAME      JOB              MGR HIREDATE         SAL       COMM     DEPTNO                                                                                                                   
---------- ---------- --------- ---------- --------- ---------- ---------- ----------                                                                                                                   
      7369 SMITH      CLERK           7902 17-DEC-80        800                    20                                                                                                                   
      7566 JONES      MANAGER         7839 02-APR-81       2975                    20                                                                                                                   
      7698 BLAKE      MANAGER         7839 01-MAY-81       2850                    30                                                                                                                   
      7782 CLARK      MANAGER         7839 09-JUN-81       2450                    10                                                                                                                   
      7788 SCOTT      ANALYST         7566 19-APR-87       3000                    20                                                                                                                   
      7839 KING       PRESIDENT            17-NOV-81       5000                    10                                                                                                                   
      7844 TURNER     SALESMAN        7698 08-SEP-81       1500          0         30                                                                                                                   
      7876 ADAMS      CLERK           7788 23-MAY-87       1100                    20                                                                                                                   
      7900 JAMES      CLERK           7698 03-DEC-81        950                    30                                                                                                                   
      7902 FORD       ANALYST         7566 03-DEC-81       3000                    20                                                                                                                   
      7934 MILLER     CLERK           7782 23-JAN-82       1300                    10                                                                                                                   

11 rows selected.

SQL> SELECT ENAME , SAL+500 AS BONUS
  2  FROM EMP
  3  WHERE JOB IN 'MANAGER' AND HIREDATE LIKE '__-APR-__' OR ENAME NOT LIKE '__-MAY-__';

ENAME           BONUS                                                                                                                                                                                   
---------- ----------                                                                                                                                                                                   
SMITH            1300                                                                                                                                                                                   
ALLEN            2100                                                                                                                                                                                   
WARD             1750                                                                                                                                                                                   
JONES            3475                                                                                                                                                                                   
MARTIN           1750                                                                                                                                                                                   
BLAKE            3350                                                                                                                                                                                   
CLARK            2950                                                                                                                                                                                   
SCOTT            3500                                                                                                                                                                                   
KING             5500                                                                                                                                                                                   
TURNER           2000                                                                                                                                                                                   
ADAMS            1600                                                                                                                                                                                   
JAMES            1450                                                                                                                                                                                   
FORD             3500                                                                                                                                                                                   
MILLER           1800                                                                                                                                                                                   

14 rows selected.

SQL> SELECT E.ENAME , D.LOC
  2  FROM EMP,DEPT
  3  WHERE EMP.DEPTNO=DEPT.DEPTNO;
SELECT E.ENAME , D.LOC
                 *
ERROR at line 1:
ORA-00904: "D"."LOC": invalid identifier 


SQL> ED
Wrote file afiedt.buf

  1  SELECT EMP.ENAME , DEPT.LOC
  2  FROM EMP,DEPT
  3* WHERE EMP.DEPTNO=DEPT.DEPTNO
SQL> /

ENAME      LOC                                                                                                                                                                                          
---------- -------------                                                                                                                                                                                
SMITH      DALLAS                                                                                                                                                                                       
ALLEN      CHICAGO                                                                                                                                                                                      
WARD       CHICAGO                                                                                                                                                                                      
JONES      DALLAS                                                                                                                                                                                       
MARTIN     CHICAGO                                                                                                                                                                                      
BLAKE      CHICAGO                                                                                                                                                                                      
CLARK      NEW YORK                                                                                                                                                                                     
SCOTT      DALLAS                                                                                                                                                                                       
KING       NEW YORK                                                                                                                                                                                     
TURNER     CHICAGO                                                                                                                                                                                      
ADAMS      DALLAS                                                                                                                                                                                       
JAMES      CHICAGO                                                                                                                                                                                      
FORD       DALLAS                                                                                                                                                                                       
MILLER     NEW YORK                                                                                                                                                                                     

14 rows selected.

SQL> SELECT DEPT.DNAME , EMP.SAL
  2  FROM EMP,DEPT
  3  WHERE  EMP.DEPTNO =DEPT.DEPTNO AND DNAME LIKE 'ACCOUNTING';

DNAME                 SAL                                                                                                                                                                               
-------------- ----------                                                                                                                                                                               
ACCOUNTING           2450                                                                                                                                                                               
ACCOUNTING           5000                                                                                                                                                                               
ACCOUNTING           1300                                                                                                                                                                               

SQL> SELECT DNAME , SAL*12 AS ANNUAL
  2  FROM EMP , DEPT
  3  WHERE EMP.DEPTNO =DEPT.DEPTNO AND SAL > 2340;

DNAME              ANNUAL                                                                                                                                                                               
-------------- ----------                                                                                                                                                                               
RESEARCH            35700                                                                                                                                                                               
SALES               34200                                                                                                                                                                               
ACCOUNTING          29400                                                                                                                                                                               
RESEARCH            36000                                                                                                                                                                               
ACCOUNTING          60000                                                                                                                                                                               
RESEARCH            36000                                                                                                                                                                               

6 rows selected.

SQL> SELECT ENAME , DNAME
  2  FROM EMP,DEPT
  3  WHERE EMP.DEPTNO=DEPT.DEPTNO AND JOB IN 'SALESMAN';

ENAME      DNAME                                                                                                                                                                                        
---------- --------------                                                                                                                                                                               
ALLEN      SALES                                                                                                                                                                                        
WARD       SALES                                                                                                                                                                                        
MARTIN     SALES                                                                                                                                                                                        
TURNER     SALES                                                                                                                                                                                        

SQL> SELECT ENAME , DNAME
  2  FROM EMP ,DEPT
  3  WHERE EMP.DEPTNO=DEPT.DEPTNO AND DNAME LIKE '%A%';

ENAME      DNAME                                                                                                                                                                                        
---------- --------------                                                                                                                                                                               
SMITH      RESEARCH                                                                                                                                                                                     
ALLEN      SALES                                                                                                                                                                                        
WARD       SALES                                                                                                                                                                                        
JONES      RESEARCH                                                                                                                                                                                     
MARTIN     SALES                                                                                                                                                                                        
BLAKE      SALES                                                                                                                                                                                        
CLARK      ACCOUNTING                                                                                                                                                                                   
SCOTT      RESEARCH                                                                                                                                                                                     
KING       ACCOUNTING                                                                                                                                                                                   
TURNER     SALES                                                                                                                                                                                        
ADAMS      RESEARCH                                                                                                                                                                                     
JAMES      SALES                                                                                                                                                                                        
FORD       RESEARCH                                                                                                                                                                                     
MILLER     ACCOUNTING                                                                                                                                                                                   

14 rows selected.

SQL> SELECT DNAME , JOB
  2  FROM EMP , DEPT
  3  WHERE EMP.DEPTNO =DEPT.DEPTNO AND JOB LIKE 'S%' AND DNAME LIKE 'S%';

DNAME          JOB                                                                                                                                                                                      
-------------- ---------                                                                                                                                                                                
SALES          SALESMAN                                                                                                                                                                                 
SALES          SALESMAN                                                                                                                                                                                 
SALES          SALESMAN                                                                                                                                                                                 
SALES          SALESMAN                                                                                                                                                                                 

SQL> SELECT DNAME , MGR
  2  FROM EMP,DEPT
  3  WHERE EMP.DEPTNO =DEPT.DEPTNO AND MGR =7839;

DNAME                 MGR                                                                                                                                                                               
-------------- ----------                                                                                                                                                                               
RESEARCH             7839                                                                                                                                                                               
SALES                7839                                                                                                                                                                               
ACCOUNTING           7839                                                                                                                                                                               

SQL> SELECT DNAME , HIREDATE
  2  FROM EMP , DEPT
  3  WHERE EMP.DEPTNO =DEPT.DEPTNO AND HIREDATE > '31-DEC-83' AND DNAME IN ('RESEARCH','ACCOUNTING');

DNAME          HIREDATE                                                                                                                                                                                 
-------------- ---------                                                                                                                                                                                
RESEARCH       19-APR-87                                                                                                                                                                                
RESEARCH       23-MAY-87                                                                                                                                                                                

SQL> SELECT ENAME , DNAME
  2  FROM EMP , DEPT
  3  WHERE EMP.DEPTNO =DEPT.DEPTNO AND COMM IS NOT NULL AND COMM !=0 AND DEPTNO IN (10,30);
WHERE EMP.DEPTNO =DEPT.DEPTNO AND COMM IS NOT NULL AND COMM !=0 AND DEPTNO IN (10,30)
                                                                    *
ERROR at line 3:
ORA-00918: column ambiguously defined 


SQL> ED
Wrote file afiedt.buf

  1  SELECT ENAME , DNAME
  2  FROM EMP , DEPT
  3* WHERE EMP.DEPTNO =DEPT.DEPTNO AND COMM IS NOT NULL AND COMM !=0 AND DEPT.DEPTNO IN (10,30)
SQL> /

ENAME      DNAME                                                                                                                                                                                        
---------- --------------                                                                                                                                                                               
ALLEN      SALES                                                                                                                                                                                        
WARD       SALES                                                                                                                                                                                        
MARTIN     SALES                                                                                                                                                                                        

SQL> SELECT DNAME , EMPNO
  2  FROM EMP , DEPT
  3  WHERE EMP.DEPTNO =DEPT.DEPTNO AND EMPNO IN (7839,7902) AND LOC IN 'NEW YORK';

DNAME               EMPNO                                                                                                                                                                               
-------------- ----------                                                                                                                                                                               
ACCOUNTING           7839                                                                                                                                                                               

SQL> SELECT *
  2  FROM EMP
  3  WHERE TO_CHAR(HIREDATE,'YY')=87;

     EMPNO ENAME      JOB              MGR HIREDATE         SAL       COMM     DEPTNO                                                                                                                   
---------- ---------- --------- ---------- --------- ---------- ---------- ----------                                                                                                                   
      7788 SCOTT      ANALYST         7566 19-APR-87       3000                    20                                                                                                                   
      7876 ADAMS      CLERK           7788 23-MAY-87       1100                    20                                                                                                                   

SQL> SPOOL OFF;
