SQL> SET LINES 200 PAGES 200;
SQL> SELECT *
  2  FROM EMP
  3  WHERE ENAME LIKE 'A%' AND SAL BETWEEN 1000 AND 3000;

     EMPNO ENAME      JOB              MGR HIREDATE         SAL       COMM     DEPTNO                                                                                                                   
---------- ---------- --------- ---------- --------- ---------- ---------- ----------                                                                                                                   
      7499 ALLEN      SALESMAN        7698 20-FEB-81       1600        300         30                                                                                                                   
      7876 ADAMS      CLERK           7788 23-MAY-87       1100                    20                                                                                                                   

SQL> SELECT *
  2  FROM EMP
  3  WHERE LENGTH(ENAME) = 5 AND DEPTNO IN 30;

     EMPNO ENAME      JOB              MGR HIREDATE         SAL       COMM     DEPTNO                                                                                                                   
---------- ---------- --------- ---------- --------- ---------- ---------- ----------                                                                                                                   
      7499 ALLEN      SALESMAN        7698 20-FEB-81       1600        300         30                                                                                                                   
      7698 BLAKE      MANAGER         7839 01-MAY-81       2850                    30                                                                                                                   
      7900 JAMES      CLERK           7698 03-DEC-81        950                    30                                                                                                                   

SQL> SELECT *
  2  FROM EMP
  3  WHERE MGR IS NOT NULL AND DEPTNO IN (20,300;
WHERE MGR IS NOT NULL AND DEPTNO IN (20,300
                                          *
ERROR at line 3:
ORA-00907: missing right parenthesis 


SQL> ED
Wrote file afiedt.buf

  1  SELECT *
  2  FROM EMP
  3* WHERE MGR IS NOT NULL AND DEPTNO IN (20,30)
SQL> /

     EMPNO ENAME      JOB              MGR HIREDATE         SAL       COMM     DEPTNO                                                                                                                   
---------- ---------- --------- ---------- --------- ---------- ---------- ----------                                                                                                                   
      7369 SMITH      CLERK           7902 17-DEC-80        800                    20                                                                                                                   
      7499 ALLEN      SALESMAN        7698 20-FEB-81       1600        300         30                                                                                                                   
      7521 WARD       SALESMAN        7698 22-FEB-81       1250        500         30                                                                                                                   
      7566 JONES      MANAGER         7839 02-APR-81       2975                    20                                                                                                                   
      7654 MARTIN     SALESMAN        7698 28-SEP-81       1250       1400         30                                                                                                                   
      7698 BLAKE      MANAGER         7839 01-MAY-81       2850                    30                                                                                                                   
      7788 SCOTT      ANALYST         7566 19-APR-87       3000                    20                                                                                                                   
      7844 TURNER     SALESMAN        7698 08-SEP-81       1500          0         30                                                                                                                   
      7876 ADAMS      CLERK           7788 23-MAY-87       1100                    20                                                                                                                   
      7900 JAMES      CLERK           7698 03-DEC-81        950                    30                                                                                                                   
      7902 FORD       ANALYST         7566 03-DEC-81       3000                    20                                                                                                                   

11 rows selected.

SQL> SELECT *
  2  FROM EMP
  3  WHERE ENAME NOT LIKE '%S';

     EMPNO ENAME      JOB              MGR HIREDATE         SAL       COMM     DEPTNO                                                                                                                   
---------- ---------- --------- ---------- --------- ---------- ---------- ----------                                                                                                                   
      7369 SMITH      CLERK           7902 17-DEC-80        800                    20                                                                                                                   
      7499 ALLEN      SALESMAN        7698 20-FEB-81       1600        300         30                                                                                                                   
      7521 WARD       SALESMAN        7698 22-FEB-81       1250        500         30                                                                                                                   
      7654 MARTIN     SALESMAN        7698 28-SEP-81       1250       1400         30                                                                                                                   
      7698 BLAKE      MANAGER         7839 01-MAY-81       2850                    30                                                                                                                   
      7782 CLARK      MANAGER         7839 09-JUN-81       2450                    10                                                                                                                   
      7788 SCOTT      ANALYST         7566 19-APR-87       3000                    20                                                                                                                   
      7839 KING       PRESIDENT            17-NOV-81       5000                    10                                                                                                                   
      7844 TURNER     SALESMAN        7698 08-SEP-81       1500          0         30                                                                                                                   
      7902 FORD       ANALYST         7566 03-DEC-81       3000                    20                                                                                                                   
      7934 MILLER     CLERK           7782 23-JAN-82       1300                    10                                                                                                                   

11 rows selected.

SQL> SELECT *
  2  FROM EMP
  3  WHERE JOB IN 'CLERK' AND DEPTNO IN 30 AND SAL > 2000;

no rows selected

SQL> SELECT *
  2  FROM EMP
  3  WHERE ENAME LIKE '__R%' AND JOB NOT IN 'CLERK' AND HIREDATE > '__-JUN-81';
WHERE ENAME LIKE '__R%' AND JOB NOT IN 'CLERK' AND HIREDATE > '__-JUN-81'
                                                              *
ERROR at line 3:
ORA-01858: a non-numeric character was found where a numeric was expected 


SQL> ED
Wrote file afiedt.buf

  1  SELECT *
  2  FROM EMP
  3* WHERE ENAME LIKE '__R%' AND JOB NOT IN 'CLERK' AND HIREDATE > '01-JUN-81'
SQL> /

     EMPNO ENAME      JOB              MGR HIREDATE         SAL       COMM     DEPTNO                                                                                                                   
---------- ---------- --------- ---------- --------- ---------- ---------- ----------                                                                                                                   
      7654 MARTIN     SALESMAN        7698 28-SEP-81       1250       1400         30                                                                                                                   
      7844 TURNER     SALESMAN        7698 08-SEP-81       1500          0         30                                                                                                                   
      7902 FORD       ANALYST         7566 03-DEC-81       3000                    20                                                                                                                   

SQL> SELECT *
  2  FROM EMP
  3  WHERE MGR IS NOT NULL ;

     EMPNO ENAME      JOB              MGR HIREDATE         SAL       COMM     DEPTNO                                                                                                                   
---------- ---------- --------- ---------- --------- ---------- ---------- ----------                                                                                                                   
      7369 SMITH      CLERK           7902 17-DEC-80        800                    20                                                                                                                   
      7499 ALLEN      SALESMAN        7698 20-FEB-81       1600        300         30                                                                                                                   
      7521 WARD       SALESMAN        7698 22-FEB-81       1250        500         30                                                                                                                   
      7566 JONES      MANAGER         7839 02-APR-81       2975                    20                                                                                                                   
      7654 MARTIN     SALESMAN        7698 28-SEP-81       1250       1400         30                                                                                                                   
      7698 BLAKE      MANAGER         7839 01-MAY-81       2850                    30                                                                                                                   
      7782 CLARK      MANAGER         7839 09-JUN-81       2450                    10                                                                                                                   
      7788 SCOTT      ANALYST         7566 19-APR-87       3000                    20                                                                                                                   
      7844 TURNER     SALESMAN        7698 08-SEP-81       1500          0         30                                                                                                                   
      7876 ADAMS      CLERK           7788 23-MAY-87       1100                    20                                                                                                                   
      7900 JAMES      CLERK           7698 03-DEC-81        950                    30                                                                                                                   
      7902 FORD       ANALYST         7566 03-DEC-81       3000                    20                                                                                                                   
      7934 MILLER     CLERK           7782 23-JAN-82       1300                    10                                                                                                                   

13 rows selected.

SQL> SELECT DNAME
  2  FROM DEPT
  3  WHERE LOC LIKE '%A' AND DEPTNO IN 10;

no rows selected

SQL> SELECT *
  2  FROM EMP
  3  WHERE JOB IN 'MANAGER' AND COMM IS NULL AND COMM =0 AND DEPTNO IN (20,30);

no rows selected

SQL> SELECT ENAME
  2  FROM EMP
  3  WHERE ENAME LIKE '%AR%' AND COMM !=0 AND COMM IS NOT NULL;

ENAME                                                                                                                                                                                                   
----------                                                                                                                                                                                              
WARD                                                                                                                                                                                                    
MARTIN                                                                                                                                                                                                  

SQL> SELECT *
  2  FROM EMP
  3  WHERE SAL IN (SELECT SAL FROM EMP);

     EMPNO ENAME      JOB              MGR HIREDATE         SAL       COMM     DEPTNO                                                                                                                   
---------- ---------- --------- ---------- --------- ---------- ---------- ----------                                                                                                                   
      7369 SMITH      CLERK           7902 17-DEC-80        800                    20                                                                                                                   
      7499 ALLEN      SALESMAN        7698 20-FEB-81       1600        300         30                                                                                                                   
      7654 MARTIN     SALESMAN        7698 28-SEP-81       1250       1400         30                                                                                                                   
      7521 WARD       SALESMAN        7698 22-FEB-81       1250        500         30                                                                                                                   
      7566 JONES      MANAGER         7839 02-APR-81       2975                    20                                                                                                                   
      7698 BLAKE      MANAGER         7839 01-MAY-81       2850                    30                                                                                                                   
      7782 CLARK      MANAGER         7839 09-JUN-81       2450                    10                                                                                                                   
      7902 FORD       ANALYST         7566 03-DEC-81       3000                    20                                                                                                                   
      7788 SCOTT      ANALYST         7566 19-APR-87       3000                    20                                                                                                                   
      7839 KING       PRESIDENT            17-NOV-81       5000                    10                                                                                                                   
      7844 TURNER     SALESMAN        7698 08-SEP-81       1500          0         30                                                                                                                   
      7876 ADAMS      CLERK           7788 23-MAY-87       1100                    20                                                                                                                   
      7900 JAMES      CLERK           7698 03-DEC-81        950                    30                                                                                                                   
      7934 MILLER     CLERK           7782 23-JAN-82       1300                    10                                                                                                                   

14 rows selected.

SQL> SELECT ENAME , SAL
  2  FROM EMP E, EMP M
  3  WHERE E.SAL=M.SAL;
SELECT ENAME , SAL
               *
ERROR at line 1:
ORA-00918: column ambiguously defined 


SQL> ED
Wrote file afiedt.buf

  1  SELECT E.ENAME , E.SAL
  2  FROM EMP E, EMP M
  3* WHERE E.SAL=M.SAL
SQL> /

ENAME             SAL                                                                                                                                                                                   
---------- ----------                                                                                                                                                                                   
SMITH             800                                                                                                                                                                                   
ALLEN            1600                                                                                                                                                                                   
MARTIN           1250                                                                                                                                                                                   
WARD             1250                                                                                                                                                                                   
JONES            2975                                                                                                                                                                                   
MARTIN           1250                                                                                                                                                                                   
WARD             1250                                                                                                                                                                                   
BLAKE            2850                                                                                                                                                                                   
CLARK            2450                                                                                                                                                                                   
FORD             3000                                                                                                                                                                                   
SCOTT            3000                                                                                                                                                                                   
KING             5000                                                                                                                                                                                   
TURNER           1500                                                                                                                                                                                   
ADAMS            1100                                                                                                                                                                                   
JAMES             950                                                                                                                                                                                   
FORD             3000                                                                                                                                                                                   
SCOTT            3000                                                                                                                                                                                   
MILLER           1300                                                                                                                                                                                   

18 rows selected.

SQL> ED
Wrote file afiedt.buf

  1  SELECT E.ENAME , E.SAL
  2  FROM EMP E, EMP M
  3* WHERE E.SAL = M.SAL
SQL> /

ENAME             SAL                                                                                                                                                                                   
---------- ----------                                                                                                                                                                                   
SMITH             800                                                                                                                                                                                   
ALLEN            1600                                                                                                                                                                                   
MARTIN           1250                                                                                                                                                                                   
WARD             1250                                                                                                                                                                                   
JONES            2975                                                                                                                                                                                   
MARTIN           1250                                                                                                                                                                                   
WARD             1250                                                                                                                                                                                   
BLAKE            2850                                                                                                                                                                                   
CLARK            2450                                                                                                                                                                                   
FORD             3000                                                                                                                                                                                   
SCOTT            3000                                                                                                                                                                                   
KING             5000                                                                                                                                                                                   
TURNER           1500                                                                                                                                                                                   
ADAMS            1100                                                                                                                                                                                   
JAMES             950                                                                                                                                                                                   
FORD             3000                                                                                                                                                                                   
SCOTT            3000                                                                                                                                                                                   
MILLER           1300                                                                                                                                                                                   

18 rows selected.

SQL> ED
Wrote file afiedt.buf

  1  SELECT E.ENAME , E.SAL
  2  FROM EMP E, EMP M
  3* WHERE E.DEPTNO=M.DEPTNO AND  E.SAL = M.SAL
SQL> /

ENAME             SAL                                                                                                                                                                                   
---------- ----------                                                                                                                                                                                   
SMITH             800                                                                                                                                                                                   
ALLEN            1600                                                                                                                                                                                   
MARTIN           1250                                                                                                                                                                                   
WARD             1250                                                                                                                                                                                   
JONES            2975                                                                                                                                                                                   
MARTIN           1250                                                                                                                                                                                   
WARD             1250                                                                                                                                                                                   
BLAKE            2850                                                                                                                                                                                   
CLARK            2450                                                                                                                                                                                   
FORD             3000                                                                                                                                                                                   
SCOTT            3000                                                                                                                                                                                   
KING             5000                                                                                                                                                                                   
TURNER           1500                                                                                                                                                                                   
ADAMS            1100                                                                                                                                                                                   
JAMES             950                                                                                                                                                                                   
FORD             3000                                                                                                                                                                                   
SCOTT            3000                                                                                                                                                                                   
MILLER           1300                                                                                                                                                                                   

18 rows selected.

SQL> ED'

SQL> ED
Wrote file afiedt.buf

  1  SELECT E.ENAME , E.SAL
  2  FROM EMP E, EMP M
  3* WHERE E.ENAME != M.ENAME AND  E.SAL = M.SAL
SQL> /

ENAME             SAL                                                                                                                                                                                   
---------- ----------                                                                                                                                                                                   
MARTIN           1250                                                                                                                                                                                   
WARD             1250                                                                                                                                                                                   
FORD             3000                                                                                                                                                                                   
SCOTT            3000                                                                                                                                                                                   

SQL> SELECT *
  2  FROM EMP
  3  WHERE SAL NOT BETWEEN 1000 AND 5000 AND HIREDATE > '31-DEC-80';

     EMPNO ENAME      JOB              MGR HIREDATE         SAL       COMM     DEPTNO                                                                                                                   
---------- ---------- --------- ---------- --------- ---------- ---------- ----------                                                                                                                   
      7900 JAMES      CLERK           7698 03-DEC-81        950                    30                                                                                                                   

SQL> SELECT *
  2  FROM DEPT
  3  WHERE DNAME LIKE '%ON%' AND LOC LIKE '%ON%' ;

    DEPTNO DNAME          LOC                                                                                                                                                                           
---------- -------------- -------------                                                                                                                                                                 
        40 OPERATIONS     BOSTON                                                                                                                                                                        

SQL> SELECT *
  2  FROM EMP
  3  WHERE EMP <1000 AND ENAME LIKE 'S%' AND ENAME LIKE '%H' AND DEPTNO IN 20;
WHERE EMP <1000 AND ENAME LIKE 'S%' AND ENAME LIKE '%H' AND DEPTNO IN 20
      *
ERROR at line 3:
ORA-00904: "EMP": invalid identifier 


SQL> ED
Wrote file afiedt.buf

  1  SELECT *
  2  FROM EMP
  3* WHERE SAL <1000 AND ENAME LIKE 'S%' AND ENAME LIKE '%H' AND DEPTNO IN 20
SQL> /

     EMPNO ENAME      JOB              MGR HIREDATE         SAL       COMM     DEPTNO                                                                                                                   
---------- ---------- --------- ---------- --------- ---------- ---------- ----------                                                                                                                   
      7369 SMITH      CLERK           7902 17-DEC-80        800                    20                                                                                                                   

SQL> SPOOL OFF;
